<?xml version="1.0" encoding="UTF-8"?>
<project-private xmlns="http://www.netbeans.org/ns/project-private/1">
    <editor-bookmarks xmlns="http://www.netbeans.org/ns/editor-bookmarks/2" lastBookmarkId="2">
        <file>
            <url>src/com/undra/view/bombacombustivel/DisplayDigitalWindow.java</url>
            <bookmark id="1">
                <name/>
                <line>58</line>
                <key/>
            </bookmark>
        </file>
        <file>
            <url>src/com/undra/dialogo/Dialogo.java</url>
            <bookmark id="2">
                <name/>
                <line>281</line>
                <key/>
            </bookmark>
        </file>
    </editor-bookmarks>
    <open-files xmlns="http://www.netbeans.org/ns/projectui-open-files/2">
        <group name="ProjetosPessais">
            <file>file:/home/helena/NetBeansProjects/ProjetosPessais/SimuladorPostoGasolina/src/com/undra/modelo/combustivel/bomba/BombaCombustivel.java</file>
            <file>file:/home/helena/NetBeansProjects/ProjetosPessais/SimuladorPostoGasolina/src/com/undra/delegator/Delegator.java</file>
            <file>file:/home/helena/NetBeansProjects/ProjetosPessais/SimuladorPostoGasolina/src/com/undra/modelo/postocombustivel/PostoCombustivel.java</file>
            <file>file:/home/helena/NetBeansProjects/ProjetosPessais/SimuladorPostoGasolina/src/com/undra/modelo/contabilidade/Caixa.java</file>
            <file>file:/home/helena/NetBeansProjects/ProjetosPessais/SimuladorPostoGasolina/src/com/undra/app/SimuladorPostoCombustivel.java</file>
        </group>
        <group name="HomeProjects">
            <file>file:/home/helena/NetBeansProjects/ProjetosPessoais/SimuladorPostoCombustivel/src/com/undra/view/postocombustivel/PostoCombustivelUIWindowTeste.java</file>
            <file>file:/home/helena/NetBeansProjects/ProjetosPessoais/SimuladorPostoCombustivel/src/com/undra/menu/MenuNavigator.java</file>
            <file>file:/home/helena/NetBeansProjects/ProjetosPessoais/SimuladorPostoCombustivel/src/com/undra/modelo/recursoshumanos/DepartamentoRecursosHumanos.java</file>
            <file>file:/home/helena/NetBeansProjects/ProjetosPessoais/SimuladorPostoCombustivel/src/com/undra/view/splash/SplashWindowUI.java</file>
            <file>file:/home/helena/NetBeansProjects/ProjetosPessoais/SimuladorPostoCombustivel/src/com/undra/delegator/UIDelegator.java</file>
            <file>file:/home/helena/NetBeansProjects/ProjetosPessoais/SimuladorPostoCombustivel/src/com/undra/view/postocombustivel/PostoCombustivelUIWindow.java</file>
        </group>
        <group>
            <file>file:/home/alexandre/NetBeansProjects/SimuladorPostoCombustivel/src/com/undra/modelo/combustivel/bomba/BombaCombustivel.java</file>
            <file>file:/home/alexandre/NetBeansProjects/SimuladorPostoCombustivel/src/com/undra/view/controleRemoto/bombaCombustivel/ControleRemotoBombaCombustivelUI.java</file>
            <file>file:/home/alexandre/NetBeansProjects/SimuladorPostoCombustivel/src/com/undra/delegator/UIDelegator.java</file>
        </group>
        <group name="Algoritmos">
            <file>file:/home/alexandre/NetBeansProjects/SimuladorPostoCombustivel/src/com/undra/view/postocombustivel/SplashBoot.java</file>
            <file>file:/home/alexandre/NetBeansProjects/SimuladorPostoCombustivel/src/com/undra/app/SimuladorPostoCombustivel.java</file>
        </group>
    </open-files>
</project-private>
